{
  "n_correct": 30,
  "n_incorrect": 29,
  "goal_attn_correct": [
    [
      0.03453492137293021,
      0.006686636436885844,
      0.03960958579555154,
      0.000273988647107141,
      0.002997905137211395,
      0.02763256836721363,
      0.029089832693959275,
      0.0035449116752715782,
      0.019852508464828132,
      0.03642867294450601,
      0.02800110887425641,
      0.04322106863061587
    ],
    [
      0.008179757196921855,
      0.012860765509928266,
      0.015909722804402313,
      0.0632578025261561,
      0.03142284213875731,
      0.03657988840714097,
      0.05305919808646043,
      0.04085269896313548,
      0.04359522250791391,
      0.04601033621778091,
      0.01671699763586124,
      0.021780077321454882
    ],
    [
      0.021998149001350005,
      0.05023009528716405,
      0.005305653375883897,
      0.013303972547873855,
      0.045616114201645054,
      0.01007065752055496,
      0.016541538612606623,
      0.022629080278178056,
      0.01767776641063392,
      0.007676206222580125,
      0.011542585104083021,
      0.05644813813269138
    ],
    [
      0.07737475074827671,
      0.034851146830866736,
      0.018127909023314716,
      0.05726595067729553,
      0.06497219273199638,
      0.037178958284979066,
      0.016933081190412244,
      0.014101799375688036,
      0.02160272151231766,
      0.039275027935703595,
      0.04803796460231145,
      0.024495219190915424
    ],
    [
      0.03526761118943492,
      0.06013915290435155,
      0.04779077519973119,
      0.02971963488186399,
      0.06377065690855185,
      0.05412447393561403,
      0.031035372025022902,
      0.012186454158897202,
      0.056796739747126894,
      0.03536186873291929,
      0.07314227546254794,
      2.5380225143905023e-09
    ],
    [
      0.07718366719782352,
      0.09250142946839332,
      0.04215114967276653,
      0.02157562047553559,
      0.04686830972010891,
      0.0763464778661728,
      0.07803045238057772,
      0.07563173087934653,
      0.06331136630227169,
      0.07103742882609368,
      0.04930370580404997,
      0.05825080573558807
    ],
    [
      0.0515307877988865,
      0.07157140256216128,
      0.06538552641868592,
      0.034802074117275573,
      0.054866411412755646,
      0.04173503561566273,
      0.053114987909793854,
      0.02589016913746794,
      0.057364794456710416,
      0.08796530738472938,
      0.07248797826468945,
      0.06114320736378431
    ],
    [
      0.07559925364330411,
      0.07449475011477867,
      0.09320947254697481,
      0.0476652605459094,
      0.06074175791194041,
      0.05184202160065373,
      0.06087820262958606,
      0.08342794614533583,
      0.05906823594123125,
      0.07529209032654763,
      0.09010485770801703,
      0.07050856823722522
    ],
    [
      0.06575173897047838,
      0.08254450199504694,
      0.045734843456496796,
      0.06344698214282592,
      0.0777841027205189,
      0.04756970886761944,
      0.05311549405256907,
      0.07032965069326262,
      0.048717942321673036,
      0.05654529919847846,
      0.05224158279597759,
      0.07967034777005513
    ],
    [
      0.06704354124764601,
      0.07812032252550125,
      0.07159874681383371,
      0.06078452163686355,
      0.05918230333675941,
      0.08009661460916201,
      0.08110688452919325,
      0.047763510855535665,
      0.08267485909163952,
      0.08474680930376052,
      0.06379751727605859,
      0.07193378613640865
    ],
    [
      0.06590995540221532,
      0.0763283538321654,
      0.07300247140228748,
      0.06733377426862716,
      0.04602854115267595,
      0.051867941829065484,
      0.07905546290179094,
      0.05693113847325246,
      0.07984213282664616,
      0.05350678603475292,
      0.0758049588650465,
      0.08128437399864197
    ],
    [
      0.04088593606526653,
      0.07447132418553035,
      0.07984080277383328,
      0.059279918856918815,
      0.06421729990591606,
      0.06483357107887665,
      0.0792762299378713,
      0.06860934626311063,
      0.020320836928052206,
      0.07944820250074068,
      0.05089743702361981,
      0.04019635592897733
    ]
  ],