{
  "n_correct": 40,
  "n_incorrect": 39,
  "ablation_effect_correct": [
    -0.16481199860572815,
    -0.06859695911407471,
    -0.74202990680933,
    -0.7504965543746949,
    -0.3525724172592163,
    0.23407634496688842,
    -0.28527112007141114,
    -0.08809661865234375,
    -0.41327335238456725,
    -0.3212196797132492,
    -0.32486851811408995,
    -0.1425062894821167
  ],
  "ablation_effect_incorrect": [
    0.2050466659741524,
    0.17201898036858973,
    0.2003460923830668,
    0.24748862095368215,
    0.30794886442331165,
    -0.40634900484329617,
    -0.0677945797259991,
    0.11675778413430238,
    0.15668787100376227,
    0.2787782351175944,
    0.22613855814322448,
    0.191009338085468
  ]
}