{
  "correct_mean": [
    0.20567555405793883,
    0.1258044112460544,
    0.09804062321097737,
    0.08186492654863135,
    0.057837479444732845,
    0.032866398463777154,
    0.02165409606397751,
    0.013822783481941495,
    0.007267865280401532,
    0.005655206289782014,
    0.002024250135834603,
    0.0010820745055871537
  ],
  "correct_std": [
    0.3681774662931394,
    0.2811488817743818,
    0.24782327412257302,
    0.22663560232701357,
    0.1860949398136751,
    0.12666942845936233,
    0.0930224032217849,
    0.06723686461875288,
    0.03881585189989056,
    0.0396652934416358,
    0.021359023140722345,
    0.009336465562571453
  ],
  "incorrect_mean": [
    0.2147296000798734,
    0.12414189590288818,
    0.10035659853079563,
    0.07681753903403746,
    0.05244969999813976,
    0.031338995732701866,
    0.023191980734433477,
    0.014119084970092559,
    0.00595775237691156,
    0.003663361780088819,
    0.0008230286824453367,
    0.000614058011081041
  ],
  "incorrect_std": [
    0.377908184991197,
    0.28404030505818934,
    0.2523939337153457,
    0.21380650235003534,
    0.16049324249069877,
    0.12492883245069944,
    0.11407973194669645,
    0.08473546110030648,
    0.04896145572962317,
    0.025744907001529278,
    0.003403894665855464,
    0.0023521442186253713
  ],
  "n_correct": 320,
  "n_incorrect": 180
}