{
  "correct_mean": [
    4.858349254751223e-09,
    -9.012815667119867e-09,
    -1.2741702448693103e-09,
    -7.766474444300305e-09,
    -1.2104114451479593e-09,
    -3.3802522144317966e-09,
    1.4797192117536421e-08,
    1.5619992647467976e-08,
    1.1332946883158001e-08,
    -1.1503470886964352e-08,
    -5.426310356900406e-08,
    -7.580256199920163e-08
  ],
  "correct_std": [
    2.2194760187529672e-07,
    1.8345966276073836e-07,
    1.6202886733468346e-07,
    1.6182117299121708e-07,
    1.923412725982072e-07,
    1.75349829648028e-07,
    1.7536575862386603e-07,
    1.771026818698822e-07,
    1.3824712078053262e-07,
    1.9968407663594669e-07,
    4.483262806903093e-07,
    6.035098279744795e-07
  ],
  "incorrect_mean": [
    1.0689098423205684e-08,
    3.911100104441839e-09,
    9.840821854097989e-09,
    4.531662084622673e-09,
    -2.084275589957556e-09,
    -7.057010111412711e-10,
    -7.2047063090271756e-09,
    -2.4678952455188494e-09,
    -8.041752729191963e-10,
    9.387462867109847e-09,
    1.709067136461444e-08,
    5.875381862711652e-09
  ],
  "incorrect_std": [
    1.8055549090595922e-07,
    2.1652271791628127e-07,
    1.888526214219117e-07,
    1.7169089222422974e-07,
    1.6498590820887438e-07,
    1.9439560911674676e-07,
    1.767567627457069e-07,
    1.6946394609255236e-07,
    1.7586182220263167e-07,
    1.5914816027044297e-07,
    2.868297355866766e-07,
    3.721568307268684e-07
  ],
  "n_correct": 75,
  "n_incorrect": 74
}