{
  "n_correct": 20,
  "n_incorrect": 19,
  "recovery_correct": [
    1.0000000000096438,
    1.0000000000096438,
    1.0000000000096438,
    1.0000000000096438,
    1.0000000000096438,
    1.0000000000096438,
    1.0000000000096438,
    1.0000000000096438,
    1.0000000000096438,
    1.0000000000096438,
    1.0000000000096438,
    1.0000000000096438
  ],
  "recovery_incorrect": [
    1.0000000000111033,
    1.0000000000111033,
    1.0000000000111033,
    1.0000000000111033,
    1.0000000000111033,
    1.0000000000111033,
    1.0000000000111033,
    1.0000000000111033,
    1.0000000000111033,
    1.0000000000111033,
    1.0000000000111033,
    1.0000000000111033
  ]
}