{
  "total_seconds": 416.60156321525574,
  "total_minutes": 6.943359386920929
}